{"cameraMode":{"drawMode":2,"name":"Shaded Wireframe","section":"Shading Mode"},"sceneLighting":true,"audioPlay":false,"sceneViewState":{"m_AlwaysRefresh":false,"showFog":true,"showSkybox":true,"showFlares":true,"showImageEffects":true,"showParticleSystems":true,"showVisualEffectGraphs":true,"m_FxEnabled":false},"in2DMode":false,"pivot":{"x":-0.10307168960571289,"y":0.09873318672180176,"z":0.03724384307861328},"rotation":{"x":-0.08536086231470108,"y":0.8977793455123901,"z":-0.2001100331544876,"w":-0.3829648792743683},"size":2.7160139083862306,"orthographic":false}